service,use_case,run_id,valid,vus,iterations,http_reqs,checks_passes,checks_fails,application_ram_avg,application_ram_median,application_cpu_avg,application_cpu_median,application_energy,database_ram_avg,database_ram_median,database_cpu_avg,database_cpu_median,database_energy
go-pgx,aggregation-code-side,1656147109,True,20,503,348511,348511,0,144992373.48217055,151883776.0,0.8596128976689016,0.8962994130569307,187877343842.0,337748237.24755245,369537024.0,0.140524648421398,0.16676365146600125,38796910749.0
go-pgx,aggregation-code-side,1656147939,True,20,504,348156,348156,0,139154929.01078582,141688832.0,0.8518597468177953,0.8936655314049586,188665347264.0,337917818.12517387,370954240.0,0.14422508894731914,0.17023609411764706,39600737818.0
go-pgx,aggregation-code-side,1656148762,True,20,508,347566,347566,0,137766908.81493002,143085568.0,0.8583186859962443,0.8948127921875,186946197048.0,337453954.84444445,370905088.0,0.1424962792329607,0.16840741699493045,39471587179.0
go-pgx,aggregation-code-side,1656149586,True,20,504,348469,348469,0,141668211.41965678,145027072.0,0.8626711922908361,0.894481768558952,187651111075.0,339057473.9501385,371628032.0,0.14365141650084565,0.16873069737992097,39665460626.0
go-pgx,aggregation-code-side,1656150410,True,20,504,348404,348404,0,146324691.10153845,144805888.0,0.8534473738675445,0.8922198690663141,188050871357.0,336843028.1348315,369997824.0,0.1395951612496811,0.16727386176795314,40181366012.0
go-pgx,aggregation-code-side,1656151235,True,20,515,346751,346751,0,141216971.51799688,146497536.0,0.8603208230811363,0.8940348376158123,185804702145.0,337229790.0552486,370231296.0,0.14503916610345316,0.17064844950962135,38636298060.0
go-pgx,aggregation-code-side,1656152059,True,20,502,348101,348101,0,132864591.92581144,135131136.0,0.85690873323092,0.8951152663739022,187357457097.0,338985163.38758624,372920320.0,0.1426872900709657,0.1664472991880075,39109831577.0
go-pgx,aggregation-code-side,1656152885,True,20,503,347925,347925,0,138068993.592535,145920000.0,0.8636648899001647,0.8967359811612107,186648237164.0,337363188.9624478,370921472.0,0.14032138838826086,0.1662876516572858,40237618781.0
go-pgx,aggregation-code-side,1656153708,True,20,513,348091,348091,0,130629245.82380216,136818688.0,0.8552836945065062,0.8937910130025125,187488293845.0,337632934.89502764,370264064.0,0.14271722903194106,0.16756546670523376,40015245371.0
go-pgx,aggregation-code-side,1656154530,True,20,503,348406,348406,0,132398279.72755417,136695808.0,0.855840507262658,0.8942082667221485,187216908116.0,339137301.6588072,372817920.0,0.14223890242497378,0.16795801771356783,39555261713.0
go-pgx,default,1655912559,True,20,1220,819840,819840,0,55290692.60130719,55836672.0,0.06652177270427045,0.057327976947897555,34320581100.0,861817222.7550744,963756032.0,0.7257441772351065,0.9411596162445954,81989821267.0
go-pgx,default,1655913409,True,20,1220,819840,819840,0,54318640.23801653,54833152.0,0.06750485426173626,0.05915820243142145,34363657720.0,856374108.9959184,954200064.0,0.7240404615027557,0.9421606536159601,82153234110.0
go-pgx,default,1655914243,True,20,1220,819840,819840,0,56805543.32026144,57417728.0,0.06678576960124853,0.058549319234193056,34032628046.0,856861650.2733424,946851840.0,0.726134142224852,0.941099036672851,81578542453.0
go-pgx,default,1655915081,True,20,1220,819840,819840,0,55803087.477124184,56133632.0,0.0669320557039143,0.05781315457675737,34543081531.0,857373704.2803235,951865344.0,0.7264680587794794,0.9428285537854262,82908331579.0
go-pgx,default,1655915919,True,20,1220,819840,819840,0,55728911.55336618,56008704.0,0.0666101787771061,0.05783392636754763,34163559494.0,855442349.8013605,943153152.0,0.7285111405034942,0.9427378270794247,72907076370.0
go-pgx,default,1655916754,True,20,1220,819840,819840,0,54290147.090016365,54632448.0,0.06668947842548861,0.05849090821406347,34795045882.0,850261207.3595659,948981760.0,0.7228176885779742,0.9420471004932183,81737477406.0
go-pgx,default,1655917591,True,20,1220,819840,819840,0,51298786.671031095,51568640.0,0.06621143950471009,0.05807871490566038,34583131106.0,860566791.6314363,952782848.0,0.7246369709752057,0.9428901327545206,73928581162.0
go-pgx,default,1655918425,True,20,1220,819840,819840,0,52403248.76190476,52690944.0,0.06662682498448687,0.057982785714285716,34407218375.0,855862539.1304348,950124544.0,0.7261573418344451,0.9419654065022849,81152493821.0
go-pgx,default,1655919260,True,20,1220,819840,819840,0,49568298.87684729,48939008.0,0.06668574921800795,0.058463015201005025,34500921997.0,852125459.1564626,945061888.0,0.7249861026828927,0.9421133641837368,81911162933.0
go-pgx,default,1655920092,True,20,1220,819840,819840,0,51550311.90834697,51904512.0,0.06698841301308989,0.05836260703517588,35120476486.0,858575076.173913,942782464.0,0.7264537301482099,0.9417371169732529,81525605300.0
go-pgx,mysql,1656399308,True,20,522,355209,355209,0,23877736.025396824,24309760.0,0.04233014644217758,0.03484747184987401,28006531863.0,986693340.230137,1005154304.0,0.5172910552459535,0.6131245190320429,182583314236.0
go-pgx,mysql,1656400136,True,20,527,355457,355457,0,24507138.858054228,24719360.0,0.042099649816459306,0.034940560459342025,27717604513.0,997367526.6813186,1017675776.0,0.5192016745599861,0.6136635357385753,183120359358.0
go-pgx,mysql,1656400963,True,20,528,356761,356761,0,22974795.58095238,23173120.0,0.041994735568460624,0.03388903537120338,28002368736.0,1004789968.1758242,1022822400.0,0.5206984358860163,0.6135297882409891,183113845246.0
go-pgx,mysql,1656401791,True,20,525,352800,352800,0,22886972.91318328,23140352.0,0.04203201090448957,0.03461192232709371,28399061078.0,1003811025.3259668,1022879744.0,0.5148665037379035,0.6132389412500603,181968084682.0
go-pgx,mysql,1656402614,True,20,527,356692,356692,0,24793224.750397455,24932352.0,0.042311287318921025,0.0336780645,28769045113.0,1003507891.3050616,1024507904.0,0.5206961703465198,0.6144645431238333,183814738709.0
go-pgx,mysql,1656403441,True,20,528,357296,357296,0,25175437.859872613,25585664.0,0.041982549447838684,0.033190189071007514,27847011380.0,968832721.0082191,983291904.0,0.5233986566590342,0.6139509096932508,183607582823.0
go-pgx,mysql,1656404267,True,20,528,356090,356090,0,24627499.073015872,24821760.0,0.04221117877038611,0.03332262562981444,28323240847.0,1003494416.8791208,1018929152.0,0.5202351441272088,0.6134151670382026,183623233866.0
go-pgx,mysql,1656405095,True,20,527,354815,354815,0,24593276.13354531,24809472.0,0.04222831431714775,0.033858733085961656,28944930338.0,999657718.8821918,1014108160.0,0.5176808830750865,0.6130682241277248,182905009633.0
go-pgx,mysql,1656405922,True,20,520,350111,350111,0,22605331.692307692,22915072.0,0.041639455210165724,0.03460055850622823,28081579342.0,994767454.8148148,1008279552.0,0.51528561058946,0.613822268447205,181003677675.0
go-pgx,mysql,1656406748,True,20,523,356319,356319,0,22784508.738853503,22966272.0,0.041765684166191884,0.03391401684907834,27816885173.0,996604265.4117647,1012387840.0,0.522825887793772,0.6138358637726421,183360288624.0
go-pgx,no-index,1655974738,True,20,1049,704928,704928,0,55021883.07692308,55566336.0,0.05914429369429469,0.051436188213166145,33115561569.0,669739469.560054,731074560.0,0.7385323977930679,0.9474816242742433,82074289327.0
go-pgx,no-index,1655975583,True,20,1047,703584,703584,0,52898789.22875817,53084160.0,0.059676757060822226,0.052457388872237,33881399590.0,666634121.1551957,734064640.0,0.7396857310639894,0.9469478697515528,82822975083.0
go-pgx,no-index,1655976420,True,20,1043,700896,700896,0,57542458.23895254,58228736.0,0.059766974847848806,0.052530620794537554,33966460545.0,664786551.0054054,730658816.0,0.7363913628015619,0.9482971940813585,82821544737.0
go-pgx,no-index,1655977255,True,20,1048,704256,704256,0,53476046.47868852,53852160.0,0.05981862889006428,0.052162689699783014,33249517177.0,660214627.8434548,731484160.0,0.7387566916041025,0.9477373032398754,82994973193.0
go-pgx,no-index,1655978091,True,20,1045,702240,702240,0,55745529.30718954,56188928.0,0.05957050340858321,0.051889114330555784,33038802639.0,664226710.8324324,732782592.0,0.7365991269970008,0.9482662009547511,83023391763.0
go-pgx,no-index,1655978927,True,20,1041,699552,699552,0,56115146.281967215,56451072.0,0.059042618983936514,0.051850748208612796,32685520725.0,658013947.4966171,735440896.0,0.7384615404508726,0.9479454934944238,73748722416.0
go-pgx,no-index,1655979762,True,20,1044,701568,701568,0,55899718.2745098,56322048.0,0.05944154061702175,0.051953291506133384,33404744892.0,669838966.473613,735956992.0,0.7364168526218621,0.9487043511801242,82619498857.0
go-pgx,no-index,1655980597,True,20,1045,702240,702240,0,58370549.07060755,58929152.0,0.0589076510215,0.05152454696029777,32949061559.0,673354557.1497976,735408128.0,0.7359981974226061,0.9479324921739131,83092047932.0
go-pgx,no-index,1655981434,True,20,1046,702912,702912,0,53551231.37152209,53874688.0,0.059676642270687856,0.05262298973074515,33108672714.0,663629990.054054,741574656.0,0.7363153195671907,0.9475346903433649,82104016250.0
go-pgx,no-index,1655982271,True,20,1042,700224,700224,0,53239673.704918034,53792768.0,0.059407723901033986,0.05181062018147685,33398286226.0,662625518.0108109,735791104.0,0.7358577345745946,0.9478778935054379,82896644680.0
go-pgx,no-pagination,1656104081,True,20,1225,797475,797475,0,53656962.09836066,53764096.0,0.06232244070477724,0.05380327122436296,32774169980.0,852749005.7699594,951975936.0,0.7310753619078643,0.9435215755089451,71709249762.0
go-pgx,no-pagination,1656104923,True,20,1224,796824,796824,0,60694025.21767594,61452288.0,0.06243597749626667,0.054349292874845107,32568262886.0,862538818.7826087,955422720.0,0.7323455318604404,0.9441524402017767,70999785440.0
go-pgx,no-pagination,1656105758,True,20,1223,796173,796173,0,62743819.34975369,63062016.0,0.06248467220655672,0.053555477894736844,32768186527.0,856977985.9972863,960528384.0,0.7328292488602747,0.9443649956763435,70950649152.0
go-pgx,no-pagination,1656106593,True,20,1231,801381,801381,0,54478485.403278686,54474752.0,0.06329511194402883,0.05393225708163425,33723588997.0,863284810.7243243,953495552.0,0.7336254576611257,0.9445506016807488,72216587589.0
go-pgx,no-pagination,1656107432,True,20,1228,799428,799428,0,60829299.17898194,61227008.0,0.0630075617141813,0.05442558411214953,33194094221.0,865072528.4546685,957898752.0,0.7290339755746978,0.9439421394014963,71396443543.0
go-pgx,no-pagination,1656108270,True,20,1237,805287,805287,0,58716299.86341464,59355136.0,0.06283066630670549,0.054257927674129354,33473338176.0,872979963.1892618,962392064.0,0.7384311976038592,0.9459856227722773,72315695999.0
go-pgx,no-pagination,1656109109,True,20,1234,803334,803334,0,63505696.05203252,63717376.0,0.06319347731730508,0.05458555661672909,33563531386.0,863410467.002681,949475328.0,0.7344116609441,0.9450899220815896,72445698159.0
go-pgx,no-pagination,1656109952,True,20,1222,795522,795522,0,64425950.481178395,64692224.0,0.06298614507470233,0.05431459788029925,32901275756.0,864323442.6630582,951422976.0,0.7282984361448873,0.943901516460396,62180631437.0
go-pgx,no-pagination,1656110791,True,20,1224,796824,796824,0,59791592.03940887,59334656.0,0.06283547719142134,0.05439341849782744,33113411633.0,856621548.627027,952772608.0,0.7326346323937696,0.9461796918340795,71944471195.0
go-pgx,no-pagination,1656111626,True,20,1233,802683,802683,0,66254178.71895425,66813952.0,0.06292063262519147,0.05463243602097193,33225734096.0,869291364.0539083,955508736.0,0.7354817382499506,0.944826954780577,72316625325.0
go-pgx,orm-loop,1656050641,True,20,1220,819840,819840,0,35773256.11861614,35528704.0,0.07225009572129198,0.06490379169787765,36328927568.0,849005126.7642276,934641664.0,0.7236110398876497,0.9392421263907684,80654361326.0
go-pgx,orm-loop,1656051481,True,20,1220,819840,819840,0,36308423.11111111,36341760.0,0.0726838363933918,0.0642392794667192,36699894383.0,852998806.2608696,943095808.0,0.7240336078168067,0.9383464355521445,78720808447.0
go-pgx,orm-loop,1656052317,True,20,1220,819840,819840,0,38245438.00981997,38178816.0,0.07218462353213308,0.06435490470006185,36433844271.0,857591209.3964818,941064192.0,0.724168493270699,0.9376360700801974,79333844092.0
go-pgx,orm-loop,1656053155,True,20,1220,819840,819840,0,37162256.50247934,37273600.0,0.07268312484245008,0.06386736771159875,36435369632.0,855664098.127544,938868736.0,0.7239136709552032,0.9380141077447336,79237721882.0
go-pgx,orm-loop,1656053987,True,20,1220,819840,819840,0,38586062.12987013,38744064.0,0.07188555150207168,0.06423500863054933,37333783973.0,858038760.4119241,946083840.0,0.7250956604168757,0.9386889844196021,76210523554.0
go-pgx,orm-loop,1656054822,True,20,1220,819840,819840,0,38897289.20261438,39079936.0,0.07220755497805148,0.06407746538813094,36689402140.0,851314160.7371274,938491904.0,0.7263051517105433,0.9382888862827592,76310770811.0
go-pgx,orm-loop,1656055656,True,20,1220,819840,819840,0,35825341.69180328,35831808.0,0.07229185842124329,0.0634641196475597,36641080747.0,854053900.5387756,948457472.0,0.7245243613507379,0.9381530957275542,74912753888.0
go-pgx,orm-loop,1656056490,True,20,1221,820512,820512,0,37008501.50819672,37134336.0,0.072456279557635,0.06384372328203824,36721144180.0,858054103.2334683,948191232.0,0.719739633001881,0.9367810561370716,76419895321.0
go-pgx,orm-loop,1656057331,True,20,1220,819840,819840,0,32461580.50814332,32434176.0,0.07242900893372134,0.0639476101227402,36894323225.0,849775690.9268292,939286528.0,0.7219380944952846,0.937932914990192,75370816736.0
go-pgx,orm-loop,1656058170,True,20,1220,819840,819840,0,37353683.16857611,37777408.0,0.07245033546597951,0.06426304575645757,36486503388.0,849346199.729364,935997440.0,0.7241851689533829,0.9391935230340557,75447444055.0
jvm-kotlin-spring,aggregation-code-side,1656155355,True,20,769,516768,516768,0,7827851913.634409,8109312000.0,0.31206805216137223,0.3631268001834008,116991873130.0,436866379.25369126,484655104.0,0.35542707920250277,0.4388251781230578,139280739753.0
jvm-kotlin-spring,aggregation-code-side,1656156202,True,20,760,510720,510720,0,7893618434.752688,8670900224.0,0.3147313649615735,0.3629614699333714,118601007763.0,432680915.65899867,481124352.0,0.3520098905558743,0.43256632557134034,138603938412.0
jvm-kotlin-spring,aggregation-code-side,1656157041,True,20,780,524160,524160,0,8418637205.628809,8243724288.0,0.32695133540051546,0.36240140644960006,119214236217.0,433785741.2780083,481853440.0,0.3781085767621773,0.4455610171535115,140121282491.0
jvm-kotlin-spring,aggregation-code-side,1656157860,True,20,778,522816,522816,0,8118005844.628099,8507373568.0,0.31977810100619186,0.3591306794361634,118614092473.0,432962173.53168046,479729664.0,0.37547481301319513,0.44502515389428293,141859764763.0
jvm-kotlin-spring,aggregation-code-side,1656158681,True,20,780,524160,524160,0,8856738824.557102,10673967104.0,0.31630268966410996,0.35588714518155196,116729207767.0,433320208.3102493,479803392.0,0.3788608109951203,0.44687416036444805,140999472419.0
jvm-kotlin-spring,aggregation-code-side,1656159501,True,20,760,510720,510720,0,8119654669.546811,8996225024.0,0.307844900822927,0.35996986713500306,116656395127.0,432862979.12618726,481071104.0,0.3560416849468394,0.4395790608369769,137326064706.0
jvm-kotlin-spring,aggregation-code-side,1656160339,True,20,770,517440,517440,0,8453563517.946524,8785383424.0,0.3125279485803342,0.3624435669199799,116879865117.0,438012390.5718121,483360768.0,0.3584786389655035,0.4402437805831266,138153293774.0
jvm-kotlin-spring,aggregation-code-side,1656161184,True,20,777,522144,522144,0,8076032417.553398,7341326336.0,0.3298498344736577,0.366724525224647,118672131628.0,433066198.39118457,481335296.0,0.37338864318990944,0.43977105462434257,143569744141.0
jvm-kotlin-spring,aggregation-code-side,1656162003,True,20,773,519456,519456,0,8561248927.744,9271373824.0,0.3127515499088582,0.3605178056204179,117984735587.0,438694182.912,484800512.0,0.36101212220109985,0.44306012489887503,142156671171.0
jvm-kotlin-spring,aggregation-code-side,1656162849,True,20,777,522144,522144,0,7960956746.459834,8709912576.0,0.32384349964168635,0.3596482396952244,117873471553.0,432936024.98206896,479789056.0,0.3752709011536486,0.44600827790988734,143487337807.0
jvm-kotlin-spring,default,1655965509,True,20,1064,715008,715008,0,707453841.937415,707272704.0,0.09578754043073663,0.09129551415327565,58024734338.0,656743839.9568151,719769600.0,0.43232467631272364,0.546749916883923,153114567161.0
jvm-kotlin-spring,default,1655966343,True,20,1060,712320,712320,0,948180510.4432433,953020416.0,0.09482511232488204,0.089881534774577,58062862375.0,658831432.1517615,725121024.0,0.4350468525391398,0.5478159721563042,153705446096.0
jvm-kotlin-spring,default,1655967179,True,20,1060,712320,712320,0,933871000.4808743,940802048.0,0.09491224484356982,0.08913797054339945,57722085878.0,664629715.4782609,728946688.0,0.43384580803754663,0.5465656084017221,150160484207.0
jvm-kotlin-spring,default,1655968010,True,20,1060,712320,712320,0,1005343348.0162822,1012822016.0,0.09509915814017471,0.08960407321652065,57880335719.0,656078942.3523035,715227136.0,0.4338624242170073,0.5465511757608795,150404037546.0
jvm-kotlin-spring,default,1655968842,True,20,1060,712320,712320,0,995578300.6132971,1006485504.0,0.09495740042768613,0.08959362753977969,57481541221.0,667663290.6233063,727496704.0,0.43439997486337356,0.5477379625856402,149839415689.0
jvm-kotlin-spring,default,1655969676,True,20,1061,712992,712992,0,749345030.5641025,751366144.0,0.09472117724745426,0.08981288004910988,56475468354.0,660494112.7321669,722448384.0,0.43022904376667326,0.5473536580645161,149928615897.0
jvm-kotlin-spring,default,1655970524,True,20,1060,712320,712320,0,1031103488.0,1036201984.0,0.096098126366077,0.09045820229292145,56891356587.0,654837809.6819407,725962752.0,0.43426969179361063,0.548418134737606,151986540872.0
jvm-kotlin-spring,default,1655971373,True,20,1061,712992,712992,0,977941069.1126187,983560192.0,0.09449489076614304,0.08966247883663367,56462136270.0,659091516.8043185,715808768.0,0.43175393474404633,0.546849582122905,136977228056.0
jvm-kotlin-spring,default,1655972210,True,20,1061,712992,712992,0,1023287168.6918919,1030946816.0,0.09604189972079738,0.09177924967789483,57063494199.0,668748854.0405954,730832896.0,0.4306389960236777,0.5468058355181024,149223967757.0
jvm-kotlin-spring,default,1655973049,True,20,1061,712992,712992,0,981280164.6702703,989822976.0,0.09455440407013058,0.08955020678965944,56655246449.0,663326119.7720488,725172224.0,0.43450031752892804,0.5481471706359102,149832132743.0
jvm-kotlin-spring,mysql,1656407575,True,20,500,336000,336000,0,1014826089.1675676,1022693376.0,0.07401690793227045,0.057492906401204066,49800789590.0,980932461.5168691,1005285376.0,0.4636666090665799,0.5696592153702551,178613015001.0
jvm-kotlin-spring,mysql,1656408417,True,20,500,336000,336000,0,998694216.0222842,1007431680.0,0.07623767971726614,0.05930529515111094,49591300339.0,969803648.1775312,995876864.0,0.4797725677569658,0.5702477013784462,180317903744.0
jvm-kotlin-spring,mysql,1656409236,True,20,502,337344,337344,0,972145064.8962655,979603456.0,0.07545193414655665,0.05930524257425743,49513456954.0,977066766.0659341,1002479616.0,0.47497477367064633,0.5682560122913878,179888987953.0
jvm-kotlin-spring,mysql,1656410061,True,20,501,336672,336672,0,1030133299.5531034,1038225408.0,0.07499912767008536,0.05884700564516129,49140425360.0,977931965.9696552,1004290048.0,0.47260308069452384,0.5686209920841063,179050482159.0
jvm-kotlin-spring,mysql,1656410885,True,20,500,336000,336000,0,1002323443.5795149,1009405952.0,0.07349008475361163,0.05815284903533655,49929602297.0,985626797.1865772,1014882304.0,0.46286840348100183,0.567813198310388,178545868964.0
jvm-kotlin-spring,mysql,1656411730,True,20,490,335981,335981,0,984027605.5690608,990769152.0,0.07445134095586392,0.05766222187000192,49859228875.0,971453358.6410959,995715072.0,0.48840864335868034,0.5737412658325242,182727560645.0
jvm-kotlin-spring,mysql,1656412556,True,20,504,338688,338688,0,963969870.4687934,970510336.0,0.07538627738250608,0.05689254131106988,49920620323.0,972289792.351166,998277120.0,0.47679036415105086,0.5693244864609571,180953387648.0
jvm-kotlin-spring,mysql,1656413379,True,20,500,336000,336000,0,919037480.2384824,925319168.0,0.07346796659415131,0.058947540400893526,49529719175.0,981867924.9014845,1005281280.0,0.4598285832105921,0.5676975365564566,177796996260.0
jvm-kotlin-spring,mysql,1656414219,True,20,502,337344,337344,0,990260642.6519337,1000329216.0,0.07543247439171451,0.05983562578565506,50904755373.0,979026083.614325,1005115392.0,0.4745885790236085,0.5704903611904957,179752520225.0
jvm-kotlin-spring,mysql,1656415042,True,20,500,336000,336000,0,1054146454.6901218,1063194624.0,0.07394793590691288,0.056785575628140704,49032755425.0,989135441.7825503,1019252736.0,0.4633163050306062,0.569138581375,178501473178.0
jvm-kotlin-spring,no-index,1655983109,True,20,929,624288,624288,0,553011648.345946,554979328.0,0.08449667662241968,0.08072355010754642,54696812985.0,515897045.1027027,575100928.0,0.4422174428893179,0.5586294218096551,152605959221.0
jvm-kotlin-spring,no-index,1655983948,True,20,928,623616,623616,0,620307918.9419703,622084096.0,0.08322527704622136,0.08012415854410858,54998778902.0,515654046.5748988,572534784.0,0.4412080367047698,0.5590687126708075,152595336636.0
jvm-kotlin-spring,no-index,1655984785,True,20,931,625632,625632,0,852488897.8236092,857333760.0,0.0846416100188483,0.08097988436923077,55053157436.0,523450095.11709285,577097728.0,0.4441965250615161,0.5579657152838428,153756911542.0
jvm-kotlin-spring,no-index,1655985623,True,20,931,625632,625632,0,633035680.3897158,635400192.0,0.08594415804391044,0.08260755960712093,55478883110.0,517502348.38709676,571537408.0,0.44235494455301333,0.558001259655629,152601681670.0
jvm-kotlin-spring,no-index,1655986462,True,20,929,624288,624288,0,647149126.1655359,650534912.0,0.0849911555799843,0.08157429003667481,54593621189.0,513713993.3405405,574625792.0,0.44166875822804824,0.5567080285446009,149468157784.0
jvm-kotlin-spring,no-index,1655987299,True,20,936,628992,628992,0,899265888.344086,905715712.0,0.08556850613667309,0.08315894229234852,55102825638.0,521268201.97849464,581500928.0,0.4427183092403344,0.5551773439892371,148325753159.0
jvm-kotlin-spring,no-index,1655988140,True,20,936,628992,628992,0,880541779.027027,884494336.0,0.08526747842038201,0.08115114158386838,55308717040.0,520670608.21563345,584882176.0,0.4461805539677255,0.5594380029616473,150290507379.0
jvm-kotlin-spring,no-index,1655988980,True,20,931,625632,625632,0,848902644.2537112,856211456.0,0.0844720146374901,0.08149750964749536,55426445604.0,524858575.00808626,577828864.0,0.4427879189305903,0.5592718205530771,147890996399.0
jvm-kotlin-spring,no-index,1655989819,True,20,929,624288,624288,0,974980339.1478969,987856896.0,0.08573248028737082,0.08216260061425061,54655658740.0,515149641.3405405,570658816.0,0.4429389626513799,0.5582926250501198,147674443040.0
jvm-kotlin-spring,no-index,1655990654,True,20,936,628992,628992,0,672082668.7311828,672937984.0,0.08532843969394388,0.08241597248188653,55345109154.0,528574549.44818306,587186176.0,0.44441948677954707,0.5580789224984463,148965461753.0
jvm-kotlin-spring,no-pagination,1656112464,True,20,1061,690711,690711,0,561839703.8910081,562499584.0,0.09191997136799654,0.08800091614349198,55455000138.0,657655245.4235454,723812352.0,0.43426753662117046,0.5480485993781095,136526167570.0
jvm-kotlin-spring,no-pagination,1656113301,True,20,1066,693966,693966,0,676768547.082768,676835328.0,0.09367475311042146,0.089717155918619,56455754144.0,666698786.6414073,737124352.0,0.43570732006315976,0.5485563038053649,133646754022.0
jvm-kotlin-spring,no-pagination,1656114135,True,20,1060,690060,690060,0,895553480.4233378,905216000.0,0.09262432897623732,0.08798409530864197,56093506511.0,658358999.6877524,730062848.0,0.4351116965096561,0.5468738079127726,134383892542.0
jvm-kotlin-spring,no-pagination,1656114971,True,20,1063,692013,692013,0,643560543.6102842,649109504.0,0.09269381428761467,0.08880450229386237,55416179542.0,658766188.027137,723353600.0,0.4367667102871475,0.5483125448447205,133842641045.0
jvm-kotlin-spring,no-pagination,1656115806,True,20,1061,690711,690711,0,980882665.7391304,992845824.0,0.09348076614726367,0.08801026531634826,57021097434.0,660541072.6956521,720744448.0,0.43376011077349597,0.5482151768108703,133272537808.0
jvm-kotlin-spring,no-pagination,1656116641,True,20,1002,652302,652302,0,965935892.1192412,972664832.0,0.08816415451864569,0.084164486508494,54991273499.0,656948856.5921938,714264576.0,0.43849548142550715,0.5550858030453698,132855967158.0
jvm-kotlin-spring,no-pagination,1656117478,True,20,1069,695919,695919,0,972751009.1723202,981606400.0,0.09360906309740644,0.08821842145052243,56786228722.0,663798037.1312585,727330816.0,0.437072249024431,0.5476172898568762,133339156991.0
jvm-kotlin-spring,no-pagination,1656118313,True,20,1071,697221,697221,0,765832632.4450475,766758912.0,0.09298245534050018,0.08791474767801857,56391813733.0,665852397.9620596,731754496.0,0.4382662905715111,0.5493222938572406,134143942478.0
jvm-kotlin-spring,no-pagination,1656119148,True,20,1064,692664,692664,0,950186790.9565217,955074560.0,0.09232812810327247,0.08642037519358094,55791640071.0,667021350.9036635,724541440.0,0.4368842136939742,0.5493084300373134,133565116698.0
jvm-kotlin-spring,no-pagination,1656119982,True,20,1061,690711,690711,0,991030422.2608696,996161536.0,0.09231181076808728,0.08634648970735866,56136945230.0,657550245.932341,716926976.0,0.4343572731535334,0.5489114913771712,134067309541.0
jvm-kotlin-spring,orm-loop,1656059007,True,20,1060,712320,712320,0,987727480.06469,994025472.0,0.09984337287697281,0.09620327889535824,58496153859.0,652182991.9571046,714268672.0,0.42544588389603744,0.5371566007084991,139073180926.0
jvm-kotlin-spring,orm-loop,1656059850,True,20,1058,710976,710976,0,968493464.5033467,975642624.0,0.09789673411243091,0.09230711040247679,59239358587.0,650983610.1818181,703975424.0,0.4256320026367318,0.540227808722044,139258476368.0
jvm-kotlin-spring,orm-loop,1656060697,True,20,1060,712320,712320,0,1039081526.3957503,1034694656.0,0.09779985867236302,0.09273054888059702,60071217340.0,656879768.9173334,711809024.0,0.42409045846963417,0.539767745918271,139119429837.0
jvm-kotlin-spring,orm-loop,1656061554,True,20,1060,712320,712320,0,1038476108.592992,1048489984.0,0.09908716794347845,0.09325674653307595,59431189936.0,664701282.2486486,721170432.0,0.4287717287951547,0.540308039286743,137676256962.0
jvm-kotlin-spring,orm-loop,1656062394,True,20,1056,709632,709632,0,1081941849.945946,1093603328.0,0.09865772567080924,0.09272741473194163,59730847124.0,653449982.9691275,713437184.0,0.4273947077520515,0.5406022727216367,138113019638.0
jvm-kotlin-spring,orm-loop,1656063233,True,20,1060,712320,712320,0,974691137.5525607,987273216.0,0.09900231042204075,0.09350042577930662,59249716434.0,652964126.2795699,708718592.0,0.4269143287954439,0.5382476796729793,138820672395.0
jvm-kotlin-spring,orm-loop,1656064074,True,20,1059,711648,711648,0,968310553.0845637,976318464.0,0.09965976268914013,0.09513662266009852,59473472524.0,653965628.9851952,708919296.0,0.4284714161707979,0.5393948842990655,137033321744.0
jvm-kotlin-spring,orm-loop,1656064914,True,20,1060,712320,712320,0,1043629740.048583,1052569600.0,0.09937773795882969,0.09447677526089626,59259319189.0,654820963.0967742,713746432.0,0.4276092162582809,0.5381797861448391,135777518085.0
jvm-kotlin-spring,orm-loop,1656065753,True,20,1056,709632,709632,0,745186328.9756098,746508288.0,0.09899245150098737,0.09334641871070545,59370750951.0,649683775.3118279,710926336.0,0.42676331747260765,0.5393557091728856,135848164169.0
jvm-kotlin-spring,orm-loop,1656066589,True,20,1060,712320,712320,0,999854688.8648648,1009483776.0,0.09934428810608453,0.09239916733875446,58442228772.0,648243197.2510067,705605632.0,0.42781751235743,0.5396558269446173,136435810806.0
node-express-sequelize,aggregation-code-side,1656163669,True,20,200,145106,145106,0,202167656.38449612,182026240.0,0.08605841482432114,0.08895962917181706,63640134659.0,180783135.15905946,191365120.0,0.03691178173160029,0.03963724076827757,45158257082.0
node-express-sequelize,aggregation-code-side,1656164507,True,20,200,144093,144093,0,208440340.6387597,189632512.0,0.0858638257371989,0.08834078084577114,63591394549.0,180310522.37362638,190038016.0,0.036800438368070044,0.039617941972349066,45311212948.0
node-express-sequelize,aggregation-code-side,1656165339,True,20,200,145794,145794,0,204156940.74027994,189288448.0,0.08615127939855056,0.08882188925925925,63359016332.0,181204574.44660193,191205376.0,0.03673300663600045,0.04052631459627329,45984743171.0
node-express-sequelize,aggregation-code-side,1656166172,True,20,200,144888,144888,0,205529668.5856698,188395520.0,0.08597748548020648,0.08865155196570487,63464847357.0,180129330.00275102,190558208.0,0.03709279934448695,0.04000078164281269,45859960417.0
node-express-sequelize,aggregation-code-side,1656167005,True,20,200,144395,144395,0,215477146.86419752,187269120.0,0.08549772107571225,0.08847140865271524,63687030066.0,181377668.95027626,191645696.0,0.03663457923259412,0.039561709831227754,45290954008.0
node-express-sequelize,aggregation-code-side,1656167837,True,20,200,145242,145242,0,198626733.8271605,182708224.0,0.08559208457720363,0.08912341627395645,64110768976.0,180609927.9448276,190480384.0,0.0367794110509666,0.04021729107365793,44974956246.0
node-express-sequelize,aggregation-code-side,1656168671,True,20,200,145553,145553,0,214452561.0931677,189630464.0,0.0858469717453304,0.08876803753582757,63301639005.0,182064143.5365517,191926272.0,0.03687845317979751,0.039939179303915474,44644257240.0
node-express-sequelize,aggregation-code-side,1656169508,True,20,200,144986,144986,0,207045155.83203733,188567552.0,0.08563234317310474,0.08895973548780488,63198757844.0,180808404.15469614,190736384.0,0.036673424547359765,0.040480311325608656,45463616733.0
node-express-sequelize,aggregation-code-side,1656170342,True,20,200,145054,145054,0,223776132.96124032,197500928.0,0.08609433751836676,0.0886519829969419,63865879089.0,180571579.68638238,190361600.0,0.037043530447972386,0.03986973721075672,45130478643.0
node-express-sequelize,aggregation-code-side,1656171175,True,20,200,145229,145229,0,205182727.95031056,190390272.0,0.0861859472215304,0.08922304709718275,63616239749.0,181530104.9476584,191574016.0,0.03699181062605004,0.03984256427283633,45599596629.0
node-express-sequelize,default,1655920927,True,20,796,534912,534912,0,131267855.5399361,135651328.0,0.06182403324301578,0.06505955404099795,39521880939.0,452453534.92037785,522432512.0,0.2650856705939549,0.29965568009981286,112137396582.0
node-express-sequelize,default,1655921773,True,20,800,537600,537600,0,132027062.6816,135172096.0,0.06193698813810693,0.06516943835784314,39685588322.0,454567112.9201624,524488704.0,0.2597049629244242,0.26632731595015574,110667583759.0
node-express-sequelize,default,1655922617,True,20,800,537600,537600,0,130602556.18679549,134410240.0,0.06228544254336664,0.06517899697717458,39930385371.0,455515949.09485096,523808768.0,0.26381106534811916,0.22752881809498718,111424462345.0
node-express-sequelize,default,1655923460,True,20,800,537600,537600,0,134508833.28410915,138833920.0,0.06208448856489606,0.06514888022249692,39576898515.0,455493885.5619048,524439552.0,0.26087133605071844,0.2709902968,110326705537.0
node-express-sequelize,default,1655924305,True,20,800,537600,537600,0,131240862.1656051,134762496.0,0.06215657996272973,0.0652619278908309,40064341942.0,454130563.79514825,523149312.0,0.2589642603621319,0.22915255348837832,111679693745.0
node-express-sequelize,default,1655925150,True,20,800,537600,537600,0,131060251.98713826,134649856.0,0.061936940843638454,0.06517756731993449,39377654008.0,453384717.1994573,525881344.0,0.2603993188380665,0.2550260888613861,110741636603.0
node-express-sequelize,default,1655925990,True,20,800,537600,537600,0,134848197.4272,138166272.0,0.06257664834965007,0.06526154820544554,40248662526.0,456305021.7360544,522014720.0,0.2592604422921479,0.28592066209029066,109932214329.0
node-express-sequelize,default,1655926837,True,20,788,529536,529536,0,132046269.4317817,135929856.0,0.061972375226834166,0.06509208070283601,39778659320.0,450650228.08097166,520404992.0,0.2545625997025559,0.21417715592269326,109899999981.0
node-express-sequelize,default,1655927682,True,20,800,537600,537600,0,136191402.66666666,141690880.0,0.06218059517621633,0.06513935577363786,39872422079.0,455210749.568521,525250560.0,0.26082971860370785,0.22094914793592113,110612088747.0
node-express-sequelize,default,1655928526,True,20,800,537600,537600,0,130800364.3076923,135176192.0,0.062335838790470235,0.06502873945730298,39826726187.0,451927919.5006784,524324864.0,0.2594448500092945,0.24768406985705407,109879666558.0
node-express-sequelize,mysql,1656415883,True,20,500,336000,336000,0,123005011.72327045,121149440.0,0.04191506579775656,0.03905824630441695,29242586630.0,919342759.4766355,970014720.0,0.47333438843364706,0.679801104459799,164935686193.0
node-express-sequelize,mysql,1656416742,True,20,500,336000,336000,0,118701783.28188977,115720192.0,0.04216728429035824,0.0400651829375,29718986199.0,914621562.6518105,961087488.0,0.4920988635037223,0.6886419434494164,163495703850.0
node-express-sequelize,mysql,1656417568,True,20,500,336000,336000,0,122281584.70440252,121380864.0,0.04236896159828553,0.04105729150989507,29486308395.0,917977465.7864077,965513216.0,0.49025416161701507,0.6832420084577114,164211610721.0
node-express-sequelize,mysql,1656418397,True,20,500,336000,336000,0,122383759.29559748,121851904.0,0.041832555593294504,0.04028387395385086,29085713649.0,916640961.4222223,968052736.0,0.494099209842919,0.690081157726938,164739923273.0
node-express-sequelize,mysql,1656419227,True,20,498,335930,335930,0,120323873.39130434,119947264.0,0.041845371424208556,0.040045844250595805,29747971087.0,919392882.2479339,966150144.0,0.500547927852706,0.6928141416551874,167478575167.0
node-express-sequelize,mysql,1656420060,True,20,500,336000,336000,0,121798623.59493671,119173120.0,0.0421470823688749,0.039265617673420045,29411487932.0,923072212.9179416,970842112.0,0.4927916480093729,0.6855138427947598,164630753319.0
node-express-sequelize,mysql,1656420886,True,20,480,334429,334429,0,121499380.03738318,119136256.0,0.041246799710798185,0.039675465467768484,29513465759.0,917047867.8624485,964550656.0,0.5016656158285407,0.6934722119975263,168054955151.0
node-express-sequelize,mysql,1656421725,True,20,500,336000,336000,0,121817719.1446541,122460160.0,0.04204976466076298,0.039846832100661075,29544191137.0,919416252.5381415,968257536.0,0.4951641427227418,0.6834999721911856,165323096181.0
node-express-sequelize,mysql,1656422552,True,20,500,336000,336000,0,117989363.1799687,114749440.0,0.042015268167958295,0.03998954381188119,29665667027.0,920041508.6217332,971280384.0,0.4930818491127334,0.6882715723258707,166193503272.0
node-express-sequelize,mysql,1656423383,True,20,500,336000,336000,0,118734989.90866141,114233344.0,0.042416844550219844,0.039795181919504645,29831480816.0,923869099.1381216,972926976.0,0.49017295367830166,0.6745151828538546,165136913987.0
node-express-sequelize,no-index,1655993059,True,20,740,497280,497280,0,129557536.82051282,131907584.0,0.059185816310230524,0.06296741577948187,38719889947.0,378244155.58322054,389169152.0,0.2989529321715124,0.29308060185643564,107472958763.0
node-express-sequelize,no-index,1655993935,True,20,740,497280,497280,0,130734415.84565917,134254592.0,0.05889421313987311,0.06313300643736296,38299993603.0,383773841.88873816,407613440.0,0.30101163489302524,0.29879550400492916,108604952629.0
node-express-sequelize,no-index,1655994776,True,20,740,497280,497280,0,135261948.67532468,137922560.0,0.0594442270112137,0.06317749327275995,38394810211.0,378564630.38251364,407556096.0,0.3018076721915625,0.3105201423843823,106902120538.0
node-express-sequelize,no-index,1655995614,True,20,740,497280,497280,0,133772841.42394821,138156032.0,0.05951147514549469,0.0633775824717382,38639413137.0,381982610.7359781,408322048.0,0.30193515500015833,0.2970947909769757,107187608442.0
node-express-sequelize,no-index,1655996452,True,20,740,497280,497280,0,131660989.02086677,133865472.0,0.05909413178369868,0.06361655773700306,38715463879.0,380842377.52638704,407449600.0,0.2986416575318973,0.3174165858028518,108466428457.0
node-express-sequelize,no-index,1655997294,True,20,740,497280,497280,0,137121554.16774192,139798528.0,0.05937774370457579,0.06329922082122927,38569122272.0,379435508.1255116,408477696.0,0.29942942635921443,0.3145219310473815,106276539555.0
node-express-sequelize,no-index,1655998135,True,20,740,497280,497280,0,142558097.87479937,146919424.0,0.05903781353707467,0.0632038260815822,38419065329.0,380098276.9430894,409018368.0,0.2991731127440705,0.30508743675265104,108640360969.0
node-express-sequelize,no-index,1655998977,True,20,740,497280,497280,0,131817202.00643086,135297024.0,0.05924046000872834,0.06365713817862775,38566604781.0,382781956.88949525,407396352.0,0.2982101626638625,0.28365196908420404,108105925402.0
node-express-sequelize,no-index,1655999821,True,20,740,497280,497280,0,127688500.8384,128737280.0,0.05957114527114147,0.06376961146931184,39116301573.0,376162027.98921835,391368704.0,0.2971519561258224,0.290609551829242,107774321390.0
node-express-sequelize,no-index,1656000668,True,20,740,497280,497280,0,133561249.70597738,137478144.0,0.059511254510341886,0.0639895853960396,38535601100.0,379489914.4347826,407683072.0,0.300801024061204,0.2967144313505955,106828713127.0
node-express-sequelize,no-pagination,1656120816,True,20,800,520800,520800,0,134169633.03225806,137046016.0,0.06279681964321189,0.06544137676074419,40291596085.0,469231344.98226464,523014144.0,0.2719728698159101,0.2193717498145859,86668452305.0
node-express-sequelize,no-pagination,1656121661,True,20,820,533820,533820,0,136045417.02564102,139479040.0,0.06298979477715444,0.06541900601274027,40617634353.0,472373430.1671159,526524416.0,0.2790348227760188,0.3098527762722171,89555106417.0
node-express-sequelize,no-pagination,1656122508,True,20,820,533820,533820,0,132108176.5888,135770112.0,0.06284347739848825,0.0654091546641791,40679289761.0,472177926.21024257,527081472.0,0.28032414804719424,0.2961040575271793,90249006652.0
node-express-sequelize,no-pagination,1656123354,True,20,801,521451,521451,0,131968144.41025642,135335936.0,0.06235566129571032,0.06541939765978128,40490739464.0,466363474.4229195,522080256.0,0.27477320352803064,0.22268370180124222,87276927144.0
node-express-sequelize,no-pagination,1656124194,True,20,800,520800,520800,0,135153016.91205212,138293248.0,0.0626645868351969,0.06538869622349071,39778665121.0,467404800.0,523358208.0,0.2754586242001795,0.2234196738637389,86414581691.0
node-express-sequelize,no-pagination,1656125032,True,20,820,533820,533820,0,138050299.4944,143687680.0,0.06303648261706192,0.06559737529484792,40708224173.0,473038781.7574124,527331328.0,0.27860517141648866,0.2877319183934428,89588921745.0
node-express-sequelize,no-pagination,1656125878,True,20,808,526008,526008,0,131536541.53846154,134400000.0,0.06285119682079582,0.06538578922826185,40503010469.0,468356723.25238746,524435456.0,0.2765606954518189,0.27102437054120543,87932588960.0
node-express-sequelize,no-pagination,1656126720,True,20,820,533820,533820,0,135154008.064,138084352.0,0.06239831262216213,0.06550967587064677,40824566080.0,479157910.75169605,526393344.0,0.282224655073086,0.3023048181930693,87346025149.0
node-express-sequelize,no-pagination,1656127566,True,20,820,533820,533820,0,137028942.76923078,140402688.0,0.06271486740554749,0.0655225798562229,40306172784.0,473637829.72357726,527609856.0,0.2815896901848137,0.2884283490558571,88401813719.0
node-express-sequelize,no-pagination,1656128409,True,20,800,520800,520800,0,134828243.74798062,138469376.0,0.06236809112081456,0.06543935575,40324507432.0,471814609.70958906,523550720.0,0.27378093142815013,0.24685126903870164,88572786115.0
node-express-sequelize,orm-loop,1656314875,True,20,760,505400,505400,0,146493689.83627608,151568384.0,0.06352674718489018,0.06540584471243042,42941843969.0,431984843.9730821,494735360.0,0.23961275030602042,0.17276555137157107,96417817231.0
node-express-sequelize,orm-loop,1656315742,True,20,760,505400,505400,0,147323393.64630225,152573952.0,0.06301971198976952,0.06544238295857913,42502271918.0,435339291.9019074,496029696.0,0.24156791083632442,0.18248577692069393,94527802920.0
node-express-sequelize,orm-loop,1656316583,True,20,760,505400,505400,0,145517725.53846154,150943744.0,0.06304960589876334,0.06526896483552631,42402066607.0,430404990.0895522,495296512.0,0.24177147662256046,0.18308266894835096,83118991606.0
node-express-sequelize,orm-loop,1656317426,True,20,760,505400,505400,0,144664824.9465154,149852160.0,0.06331304079610628,0.06539841308411215,41938693632.0,433293511.4622771,493568000.0,0.24386620545566717,0.18444591153846154,95153055542.0
node-express-sequelize,orm-loop,1656318264,True,20,760,505400,505400,0,151398255.58974358,157038592.0,0.06294774566035362,0.06539439684170475,42407288986.0,432459232.0867209,494985216.0,0.2414888105192251,0.17730767875458314,95582862544.0
node-express-sequelize,orm-loop,1656319108,True,20,760,505400,505400,0,146461401.78491172,150839296.0,0.06324217969262566,0.06547153470661674,42426935611.0,431269270.26086956,495837184.0,0.24133757469000972,0.18323551827802745,95106449381.0
node-express-sequelize,orm-loop,1656319952,True,20,760,505400,505400,0,147840504.6035313,153153536.0,0.06299509256578681,0.06543024487895717,42023054561.0,435047529.73913044,493862912.0,0.24260895315616623,0.1804044036349904,94498014542.0
node-express-sequelize,orm-loop,1656320796,True,20,760,505400,505400,0,149382994.88357258,154480640.0,0.06323274605860695,0.06536055817277812,42571374007.0,431844881.3677069,495202304.0,0.24010049557001792,0.17749287941903585,95247190883.0
node-express-sequelize,orm-loop,1656321643,True,20,760,505400,505400,0,148034654.87539935,152911872.0,0.06325010976428903,0.06528824530285601,42636193861.0,431654447.56284153,495599616.0,0.2412169844567697,0.17993079796586398,95642197037.0
node-express-sequelize,orm-loop,1656322489,True,20,760,505400,505400,0,146834502.4512,152248320.0,0.06294067158396657,0.0652402271039604,42216723378.0,433467319.9458728,495632384.0,0.24139905126258118,0.18121280236612702,95334558111.0
php-symfony,aggregation-code-side,1656172009,True,20,80,53760,53760,0,497329611.5046604,522371072.0,0.7849510146278474,0.9633333547604231,48713240657.0,107895737.27327327,114450432.0,0.06389954297288654,0.06696865752146214,1693844415.0
php-symfony,aggregation-code-side,1656172859,True,20,80,53760,53760,0,502993351.744089,521584640.0,0.8211604404163378,0.963859995784253,48813100843.0,108692377.75260805,115052544.0,0.0634123612993164,0.06644797,1948804336.0
php-symfony,aggregation-code-side,1656173676,True,20,80,53760,53760,0,490076205.51111114,506324992.0,0.8176921770455231,0.9629453379694375,47502703924.0,107856749.71428572,114532352.0,0.0630641742942302,0.06691886398844675,1805888099.0
php-symfony,aggregation-code-side,1656174492,True,20,80,53760,53760,0,503076563.3240997,523962368.0,0.8177081154530295,0.9633504185240638,48350823316.0,108519424.0,115040256.0,0.06312480433231868,0.06680226906385617,1708802558.0
php-symfony,aggregation-code-side,1656175307,True,20,80,53760,53760,0,483429147.2340425,505368576.0,0.786351942059461,0.9633487445191048,48528193646.0,107757211.03692763,114274304.0,0.06194195958920344,0.06611971612903225,1696980379.0
php-symfony,aggregation-code-side,1656176154,True,20,80,53760,53760,0,488590361.5290859,506781696.0,0.8193350581643017,0.9638699537381892,49281723543.0,107731519.14413075,114200576.0,0.06236602850452663,0.06636266373831776,1588913333.0
php-symfony,aggregation-code-side,1656176971,True,20,80,53760,53760,0,490196084.299169,507901952.0,0.8194121990246801,0.9633473676370636,48846517734.0,107945512.56203288,114397184.0,0.0631454617024297,0.06623269312461633,1711951377.0
php-symfony,aggregation-code-side,1656177788,True,20,80,53760,53760,0,498158683.8447122,520232960.0,0.7866448719910616,0.9625334434055728,47982218182.0,107974090.82492581,114692096.0,0.06238666434770124,0.06577505746400128,1405246196.0
php-symfony,aggregation-code-side,1656178633,True,20,80,53760,53760,0,488655765.48127604,504909824.0,0.819346492669427,0.9638829853855722,49059375444.0,107550578.12048192,114028544.0,0.0629294126974382,0.0659954673912172,1773366392.0
php-symfony,aggregation-code-side,1656179451,True,20,80,53760,53760,0,498442607.8713137,521123840.0,0.7853232131033654,0.9623715345937827,48170450522.0,107735881.8535127,113995776.0,0.06247010066437823,0.06641435861214375,1662979993.0
php-symfony,default,1655929372,True,20,80,53760,53760,0,428593940.3283984,478965760.0,0.7845221285759396,0.9636797101494397,56523425493.0,108700807.0162963,115355648.0,0.0613169722841618,0.06573412513727883,2676320498.0
php-symfony,default,1655930210,True,20,80,53760,53760,0,446069970.33513516,503779328.0,0.7821825017488846,0.963334618199714,56559805302.0,107761731.95776772,114102272.0,0.06180509477398062,0.06529779213135069,2654478767.0
php-symfony,default,1655931043,True,20,80,53760,53760,0,441545359.8046133,499040256.0,0.7831674554566885,0.9628769464,56091643679.0,108973684.39821693,115138560.0,0.06063349519085008,0.0654397030940594,2546369246.0
php-symfony,default,1655931877,True,20,80,53760,53760,0,444233326.15967524,504594432.0,0.7831825737261336,0.9634988057692307,56467909156.0,108042629.80060422,114450432.0,0.06184683800208763,0.065491747732082,2503144398.0
php-symfony,default,1655932711,True,20,80,53760,53760,0,443940652.2340136,502272000.0,0.7834879289148652,0.962846568221393,56031859889.0,108457300.30676691,114675712.0,0.06196961064388094,0.06581751959583589,2633576745.0
php-symfony,default,1655933545,True,20,80,53760,53760,0,450554092.2008141,507019264.0,0.7847247130051549,0.9630127624922504,56186864550.0,108513968.78923766,115023872.0,0.06196157508448182,0.0649456301301922,2704787132.0
php-symfony,default,1655934381,True,20,80,53760,53760,0,449180462.76589984,507707392.0,0.7831687090935511,0.9634132195409429,56589665693.0,108412722.8892261,114946048.0,0.062463598167120965,0.06582601355311356,2607043548.0
php-symfony,default,1655935214,True,20,80,53989,53989,0,451193345.41046834,507213824.0,0.7945778596986665,0.9626935069410656,57848319952.0,108236958.24071322,114941952.0,0.06127963684444198,0.0653294941502463,2641390922.0
php-symfony,default,1655936039,True,20,80,53760,53760,0,436541992.02156335,492634112.0,0.7810384815171303,0.963608611896333,57345431240.0,108111958.62235649,114788352.0,0.06227474092685883,0.06605255282952699,2772305568.0
php-symfony,default,1655936875,True,20,80,53760,53760,0,437082076.0701754,492339200.0,0.7837153603458666,0.9635945122436296,57167909689.0,108376057.86826347,114944000.0,0.06159111154225991,0.0658857612699787,2630423544.0
php-symfony,mysql,1656424213,True,20,80,57672,57672,0,463278327.22085047,506806272.0,0.8171371770330651,0.9638112450834879,42272115958.0,611334304.1316873,612372480.0,0.023125362328365547,0.024735141806853583,39581566680.0
php-symfony,mysql,1656425040,True,20,80,58297,58297,0,458838179.61432505,502441984.0,0.8252246475462223,0.9631628223867731,47490969357.0,611921585.7482711,617373696.0,0.023400073467824092,0.024652501948842876,39719393136.0
php-symfony,mysql,1656425865,True,20,80,58065,58065,0,459565493.6547945,503916544.0,0.8237225601275214,0.963752353245174,48471555559.0,604339626.6666666,604221440.0,0.023281479035962897,0.024662809790569645,41763803335.0
php-symfony,mysql,1656426691,True,20,80,58348,58348,0,465791816.63911843,507279360.0,0.8248107573711598,0.9633976899249221,47506361650.0,605440000.0,606410752.0,0.023704985207837877,0.02504988620064765,42386713350.0
php-symfony,mysql,1656427516,True,20,80,58321,58321,0,465544993.4525447,507076608.0,0.8239269264927206,0.9632133420825632,47087705336.0,615689805.5757576,621494272.0,0.023621377863446424,0.023727792534307842,41389734423.0
php-symfony,mysql,1656428342,True,20,80,58277,58277,0,453366152.9945946,498366464.0,0.8123355218176413,0.9637287205316356,47842458648.0,617023549.0514905,623736832.0,0.023335166177431574,0.0240918326350716,37813922479.0
php-symfony,mysql,1656429177,True,20,80,58279,58279,0,465372127.60385144,507437056.0,0.8242181846462833,0.9635534100866336,47319343205.0,613498231.4666667,619169792.0,0.023512275901206803,0.024862092815333595,40932172620.0
php-symfony,mysql,1656430002,True,20,80,58177,58177,0,453111339.7245179,492089344.0,0.8254726028768196,0.96336704930107,47759800223.0,612285288.8717241,612274176.0,0.023591026986712643,0.024053978260869566,40735761799.0
php-symfony,mysql,1656430826,True,20,80,58416,58416,0,464839879.1890411,507398144.0,0.8236223096253591,0.9636718034850964,47986647100.0,612433874.6777316,619880448.0,0.023435992601356856,0.02459716524691358,41152364170.0
php-symfony,mysql,1656431650,True,20,80,58309,58309,0,452663242.4759285,492736512.0,0.8241554493405367,0.9634945278190831,47607933989.0,613403708.5667125,622018560.0,0.023510552988930542,0.023946622933499067,37705916207.0
php-symfony,no-index,1656001508,True,20,80,53760,53760,0,414804282.6522911,466714624.0,0.7852492253198777,0.9630074135908164,54211976368.0,105408973.26126125,112945152.0,0.061256076068566374,0.06457660656623049,2575536087.0
php-symfony,no-index,1656002356,True,20,80,53760,53760,0,425517271.2884097,478277632.0,0.7840432387255539,0.9631475999103909,53897749792.0,105160253.00754148,112398336.0,0.0617627078957489,0.06559239907749077,2890143985.0
php-symfony,no-index,1656003195,True,20,80,53760,53760,0,426104332.3538874,479623168.0,0.7849282730296183,0.9632658279987838,54567264512.0,105493036.01809955,112734208.0,0.0622630271492372,0.06367571799877975,2779642966.0
php-symfony,no-index,1656004038,True,20,80,53760,53760,0,426723637.80455154,478793728.0,0.7849179659912838,0.9634324243310517,54845948286.0,106103478.96696697,113922048.0,0.06079245756043976,0.06414563073149397,2498753350.0
php-symfony,no-index,1656004879,True,20,80,53760,53760,0,420598901.1467025,475721728.0,0.7838712012722169,0.9634365267692307,54200729520.0,104798374.87407407,112300032.0,0.060555141420285064,0.06456420523076924,2690684841.0
php-symfony,no-index,1656005720,True,20,80,53760,53760,0,413511270.94540614,463171584.0,0.7856432338143854,0.96372846869944,55157463050.0,105341933.92941177,112951296.0,0.060107515053618776,0.06402449643315579,2636914921.0
php-symfony,no-index,1656006567,True,20,80,53760,53760,0,422137182.45989305,475131904.0,0.7832838683288491,0.9635155004347826,54656608927.0,105815119.23809524,113240064.0,0.06034380488025666,0.06426386889231822,2704589568.0
php-symfony,no-index,1656007409,True,20,80,53760,53760,0,431630297.25405407,481400832.0,0.7858847199704062,0.9628752482195624,53523875234.0,105333065.633383,112926720.0,0.06162063218161579,0.06445114761314322,2657274630.0
php-symfony,no-index,1656008246,True,20,80,53760,53760,0,435901044.0162822,491536384.0,0.7841578189690414,0.9628561068944099,53535614614.0,105367102.74130106,112992256.0,0.062352057760030145,0.06503941964064436,2663231939.0
php-symfony,no-index,1656009080,True,20,80,53760,53760,0,443836224.26051563,499367936.0,0.7842435979577072,0.9627861680811808,52678356981.0,105950070.4477612,114001920.0,0.06130574191937058,0.06494436767537382,2592823076.0
php-symfony,no-pagination,1656129247,True,20,80,55083,55083,0,446292495.430137,488099840.0,0.8236851835486726,0.9641425468316092,49497711510.0,108823717.35703704,114892800.0,0.06327432678948616,0.06580056654275093,2602385062.0
php-symfony,no-pagination,1656130075,True,20,80,55290,55290,0,444290620.6501377,479795200.0,0.8247917380941677,0.9634514441121915,48427120835.0,108917136.49777777,114823168.0,0.06254998152116242,0.06542584496932516,2511689482.0
php-symfony,no-pagination,1656130898,True,20,80,55438,55438,0,465909782.4438356,508977152.0,0.8235755729908254,0.9637963285833454,48767449097.0,109844275.8005865,116103168.0,0.06287630893399082,0.0660316684555943,2637821635.0
php-symfony,no-pagination,1656131721,True,20,80,55301,55301,0,468587765.4214876,509575168.0,0.8250508423364854,0.9634605470049735,42151146518.0,109125755.37349397,115070976.0,0.06379137736576965,0.06622171599002902,2649449441.0
php-symfony,no-pagination,1656132545,True,20,80,55688,55688,0,469190944.56908345,512692224.0,0.8221602236832853,0.9635958110211706,48931260316.0,108823665.09850746,114477056.0,0.0638484471084791,0.06685041806671388,2786124529.0
php-symfony,no-pagination,1656133370,True,20,80,55548,55548,0,470260328.9353508,513314816.0,0.8236970738982629,0.9632030143211407,48388242423.0,109426761.14285715,115486720.0,0.06321007597761592,0.06589558800717135,2551057614.0
php-symfony,no-pagination,1656134194,True,20,80,55226,55226,0,459119585.13972604,501309440.0,0.8238911245021046,0.9640800068858562,48892457434.0,109027218.28571428,114606080.0,0.06262349047021147,0.06623997649240734,2572637142.0
php-symfony,no-pagination,1656135019,True,20,80,55464,55464,0,468603856.04407716,509526016.0,0.8248543435498167,0.9635680202293977,48298043174.0,109093966.30588235,115372032.0,0.06353422711504265,0.06593056965732087,2851435441.0
php-symfony,no-pagination,1656135842,True,20,80,55642,55642,0,467593496.5479452,511631360.0,0.823367157999861,0.9637462035196603,48671527927.0,109299316.98516321,115230720.0,0.06317121153311717,0.06696165986865482,2640146498.0
php-symfony,no-pagination,1656136665,True,20,80,55494,55494,0,470130800.8374656,511705088.0,0.8248442002303483,0.9634736538222499,48337323003.0,108923191.58641064,115040256.0,0.06251364983087233,0.0657474274907749,2705424180.0
php-symfony,orm-loop,1656075776,True,20,80,53760,53760,0,422797312.0,471838720.0,0.785257746112757,0.9628329388000547,47703408069.0,108265999.147929,114753536.0,0.06198894541608314,0.06519480821185403,2639297302.0
php-symfony,orm-loop,1656076617,True,20,80,53760,53760,0,439353559.57894737,492883968.0,0.7854427250317436,0.9626886465101915,47430220219.0,108079786.66666667,113913856.0,0.06151404003370632,0.0651841657813465,2654081178.0
php-symfony,orm-loop,1656077456,True,20,80,53760,53760,0,443564398.3089431,498665472.0,0.7825296335418341,0.963168633250927,41978971944.0,108797840.79638009,115183616.0,0.06260828986715403,0.06694386101800125,2733238533.0
php-symfony,orm-loop,1656078290,True,20,80,53760,53760,0,440808660.5283019,498139136.0,0.7804264791227197,0.9632039576397515,48351007006.0,108492478.92846271,114843648.0,0.06379088377054704,0.06771077197802197,2564605321.0
php-symfony,orm-loop,1656079127,True,20,80,53760,53760,0,443368517.3766938,498741248.0,0.7838217892910314,0.9627859831168157,47544424499.0,108071530.03550296,114628608.0,0.06180186556184295,0.0663214188020986,2571788915.0
php-symfony,orm-loop,1656079962,True,20,80,53760,53760,0,442166968.5420054,496963584.0,0.7828719607626383,0.9624841874640337,47367552353.0,108474343.50971599,115068928.0,0.06241375557050903,0.06689679844720497,2835656022.0
php-symfony,orm-loop,1656080798,True,20,80,53760,53760,0,439065901.50339216,496996352.0,0.7837361047508637,0.962893552886406,47110016019.0,108671491.83808096,114823168.0,0.062159089913152867,0.06608080983302411,2709042118.0
php-symfony,orm-loop,1656081632,True,20,80,53760,53760,0,441255988.79782903,496357376.0,0.7840579983245237,0.962651419256966,47400355374.0,108490648.84148148,115249152.0,0.061772189869358174,0.06695936565406076,2610211140.0
php-symfony,orm-loop,1656082467,True,20,80,53760,53760,0,430119164.87381274,483897344.0,0.7836586341779219,0.9627479827137546,41435432201.0,108319233.5283582,115017728.0,0.06244716857370205,0.06681442560895004,2721956468.0
php-symfony,orm-loop,1656083302,True,20,80,53760,53760,0,439149131.5182679,493510656.0,0.7835851332693757,0.96263586211838,47396974692.0,107930239.61561562,114487296.0,0.06194323713810945,0.06660081157827175,2726291848.0
rust-actix-sqlx,aggregation-code-side,1656180295,True,20,395,270222,270222,0,344456162.42090786,379965440.0,0.3096430703312301,0.3493470339889367,139645016776.0,291882460.73829204,314195968.0,0.08974944456429314,0.1006035380453591,55158046575.0
rust-actix-sqlx,aggregation-code-side,1656181121,True,20,398,270243,270243,0,327043846.31232876,369143808.0,0.30847455818452807,0.3497720234332037,140293223405.0,291423531.3230769,313446400.0,0.08708084705144904,0.09934422472187886,55771644281.0
rust-actix-sqlx,aggregation-code-side,1656181943,True,20,401,269472,269472,0,334933834.7109267,361861120.0,0.30816377108752546,0.3501273632578077,138826418376.0,292323333.6888889,314126336.0,0.0895377469948652,0.10120275797987002,54640383685.0
rust-actix-sqlx,aggregation-code-side,1656182765,True,20,400,271340,271340,0,321784346.0577717,367218688.0,0.3101298019182581,0.3511249276225947,140074742465.0,293565157.1270718,315764736.0,0.08941318813435226,0.10103524849947054,50640690276.0
rust-actix-sqlx,aggregation-code-side,1656183589,True,20,394,270298,270298,0,318628743.3643836,354336768.0,0.30909601350494254,0.3486525123664488,140899658216.0,291771058.2099447,314519552.0,0.08995095161281129,0.1008239905023733,55905481099.0
rust-actix-sqlx,aggregation-code-side,1656184412,True,20,395,270095,270095,0,337751076.6721763,388968448.0,0.30812822536682927,0.34898258834747814,140026055439.0,291373118.1462069,313372672.0,0.08950238030511053,0.1004073717039801,55906611108.0
rust-actix-sqlx,aggregation-code-side,1656185237,True,20,400,270732,270732,0,340010604.0109589,376119296.0,0.3089876243642986,0.3537643480283759,140890530597.0,293185996.44689655,315113472.0,0.08956879211098297,0.1014163386292835,55214016715.0
rust-actix-sqlx,aggregation-code-side,1656186060,True,20,392,265105,265105,0,329099081.39369,365068288.0,0.3070564609125989,0.3504162859413203,139402848656.0,289395433.77030814,312801280.0,0.08370196444525153,0.09676438713775845,55793931502.0
rust-actix-sqlx,aggregation-code-side,1656186883,True,20,398,270578,270578,0,335382135.2328767,367200256.0,0.3087514087348455,0.35144005,140224716746.0,292512646.02770084,314976256.0,0.08952900355877931,0.10095670916349023,56180445672.0
rust-actix-sqlx,aggregation-code-side,1656187707,True,20,393,269789,269789,0,332608607.64835167,375164928.0,0.30757449239626705,0.3495272800052699,139842061527.0,291835932.28729284,313962496.0,0.08962518442136973,0.10076090420130188,56139510779.0
rust-actix-sqlx,default,1655937711,True,20,1220,819840,819840,0,12629532.32928475,13225984.0,0.06129937686949477,0.060157885242839354,52560568730.0,912278656.8660352,1038192640.0,0.7491922026088932,0.9682257021131138,66917849741.0
rust-actix-sqlx,default,1655938547,True,20,1222,821184,821184,0,12264539.577235773,12654592.0,0.06139455867936997,0.06016536583661715,52135060908.0,909097393.9217274,1030455296.0,0.7501929604127721,0.9678906948415165,66767676886.0
rust-actix-sqlx,default,1655939383,True,20,1222,821184,821184,0,14310766.20782726,14831616.0,0.06106555052626968,0.06133595918114144,53334636915.0,915177267.4763832,1028993024.0,0.7477905488277754,0.9674523584848485,66778822805.0
rust-actix-sqlx,default,1655940220,True,20,1220,819840,819840,0,12650399.00405954,13168640.0,0.061388793245271835,0.060117580333951766,52701419566.0,909567577.1336032,1034080256.0,0.7494924669171775,0.9680998820987654,67099262509.0
rust-actix-sqlx,default,1655941056,True,20,1220,819840,819840,0,14107006.959349593,14477312.0,0.06162392092950808,0.06060050154456339,52267690282.0,913611918.7225981,1028952064.0,0.7505542018236963,0.9679912848765432,66878748774.0
rust-actix-sqlx,default,1655941892,True,20,1220,819840,819840,0,12270331.848648649,12828672.0,0.06074095963378813,0.05854163968012542,50146280222.0,915796227.1009421,1025085440.0,0.7489971096998922,0.9680994731920199,66930915231.0
rust-actix-sqlx,default,1655942730,True,20,1218,818496,818496,0,12269521.141318977,12886016.0,0.06155010605818687,0.05991484635514019,52966952671.0,909302281.7127371,1021259776.0,0.7488448171550932,0.9682122940023137,65975560931.0
rust-actix-sqlx,default,1655943572,True,20,1213,815136,815136,0,12028030.284182306,12687360.0,0.06061868290699806,0.05942038801769213,52490903758.0,909369410.3319838,1019400192.0,0.7487607349853858,0.9671392753101737,66200678090.0
rust-actix-sqlx,default,1655944412,True,20,1221,820512,820512,0,12245085.59139785,12726272.0,0.06110284338152766,0.05980512851282526,52298058070.0,906191477.3045822,1026928640.0,0.7439771932729113,0.9680437778723687,66780962926.0
rust-actix-sqlx,default,1655945251,True,20,1220,819840,819840,0,12452911.176151762,12910592.0,0.06108823785263553,0.05954075011565118,52492802137.0,905289948.8086253,1024729088.0,0.7547662717230462,0.9691021681972602,66681919245.0
rust-actix-sqlx,no-index,1656009913,True,20,1040,698880,698880,0,12995229.538461538,13690880.0,0.056248585371590776,0.05631394869172065,49519571746.0,702383958.4911804,789295104.0,0.7577861003995472,0.968382738380717,66152110407.0
rust-actix-sqlx,no-index,1656010747,True,20,1044,701568,701568,0,12237593.21997301,12709888.0,0.05658565628084795,0.056763982102628285,51028204145.0,700002403.6324325,784967680.0,0.7549831721267747,0.9682491697016168,67004737967.0
rust-actix-sqlx,no-index,1656011583,True,20,1040,698880,698880,0,12170722.702997275,12677120.0,0.05604391808866415,0.05610772641748078,49643079737.0,703317029.7189631,785256448.0,0.7580170333425434,0.9676662905961894,65403256923.0
rust-actix-sqlx,no-index,1656012415,True,20,1041,699552,699552,0,14028201.396481732,14323712.0,0.056015081961714015,0.056303677233250624,49283191993.0,700139129.2449256,790847488.0,0.7505755709372187,0.9682444442653441,66641594607.0
rust-actix-sqlx,no-index,1656013253,True,20,1041,699552,699552,0,11836569.807848444,11513856.0,0.05595003779865146,0.055942081874229346,48828558191.0,702346489.081081,788703232.0,0.7508957045400961,0.9685858758279222,65116085309.0
rust-actix-sqlx,no-index,1656014089,True,20,1043,700896,700896,0,13903178.2780027,14344192.0,0.05588907483355532,0.0564714480349345,51684828999.0,707649424.8466758,789614592.0,0.7565096671903654,0.9679280177489178,64600405251.0
rust-actix-sqlx,no-index,1656014925,True,20,1040,698880,698880,0,11705124.769647697,12111872.0,0.05622687830903346,0.05602851867242728,49172588906.0,700622437.2899729,793214976.0,0.756790474318946,0.9684092719259303,64615436373.0
rust-actix-sqlx,no-index,1656015757,True,20,1040,698880,698880,0,12132374.321525885,12505088.0,0.0565552324150974,0.0567201403556947,49288683173.0,700762934.5573771,788267008.0,0.7561652529552776,0.9677538887077038,63885784405.0
rust-actix-sqlx,no-index,1656016590,True,20,1040,698880,698880,0,11876232.51017639,11517952.0,0.056356504485639156,0.056533841304347826,49730797727.0,708901496.5115646,796053504.0,0.7552986090116911,0.967991019080174,64040947508.0
rust-actix-sqlx,no-index,1656017422,True,20,1041,699552,699552,0,12382180.398921832,12955648.0,0.05604175892091924,0.056600778588565104,49590964067.0,698830276.3360434,784992256.0,0.753597065554126,0.9681059689988538,64222857807.0
rust-actix-sqlx,no-pagination,1656137490,True,20,1225,797475,797475,0,14815608.898511503,15327232.0,0.06012247690618243,0.05903103773119606,51737622160.0,921865102.8355795,1034866688.0,0.7565768847647372,0.9692013250101073,57546485641.0
rust-actix-sqlx,no-pagination,1656138330,True,20,1226,798126,798126,0,17107726.164642375,17575936.0,0.059732506023738384,0.05795837946484132,51650778376.0,922641108.4625851,1032011776.0,0.7585344232829276,0.9689210230627306,56562862960.0
rust-actix-sqlx,no-pagination,1656139167,True,20,1231,801381,801381,0,15297846.931174088,15753216.0,0.059635778851334954,0.0586623704445836,52274355525.0,926027186.0869565,1036025856.0,0.7621679281675767,0.9688700836622417,56721562530.0
rust-actix-sqlx,no-pagination,1656140003,True,20,1220,794220,794220,0,14495110.42605156,15040512.0,0.05942135044517346,0.05798244317479926,51234211792.0,915804182.2306648,1022750720.0,0.7585666120379612,0.9684258223733003,55972427303.0
rust-actix-sqlx,no-pagination,1656140838,True,20,1225,797475,797475,0,14725042.29810298,15157248.0,0.059965716441472215,0.058271738174529686,52332275862.0,920696110.6396761,1033240576.0,0.7557894025622579,0.9695823844913152,57264875149.0
rust-actix-sqlx,no-pagination,1656141676,True,20,987,642537,642537,0,14372402.788203754,14872576.0,0.049891538769880936,0.04934661160169744,47505729143.0,3432061881.5222673,3537354752.0,0.8562050912586469,0.9715342195665635,32114245090.0
rust-actix-sqlx,no-pagination,1656142517,True,20,1226,798126,798126,0,16977524.144966442,17403904.0,0.05952348353311107,0.05767480967741936,51337164114.0,916538008.2162162,1037148160.0,0.7572357228287713,0.9689650959489592,56408640823.0
rust-actix-sqlx,no-pagination,1656143360,True,20,1224,796824,796824,0,14717918.78918919,15099904.0,0.060309032807615195,0.05835594086799058,51873109192.0,923131832.0432433,1036457984.0,0.756464175312302,0.9691613494461538,57807894000.0
rust-actix-sqlx,no-pagination,1656144195,True,20,1225,797475,797475,0,14761701.708108108,15073280.0,0.06014182750911556,0.0587519619078707,51986871849.0,923765465.0434783,1035624448.0,0.7571907187953172,0.968884526855278,56720679595.0
rust-actix-sqlx,no-pagination,1656145031,True,20,1226,798126,798126,0,15249924.162601626,15740928.0,0.059913561585120276,0.05812224868997645,51625659455.0,925943229.2173913,1041528832.0,0.758041671119247,0.9679318225381384,56694658469.0
rust-actix-sqlx,orm-loop,1656084138,True,20,1219,819168,819168,0,12736209.204301076,13402112.0,0.06313989166761301,0.06298992866454867,53553934577.0,897494381.318919,1009750016.0,0.7476861728765694,0.966414219497506,56423380462.0
rust-actix-sqlx,orm-loop,1656084982,True,20,1218,818496,818496,0,14923273.660377359,15663104.0,0.06259042659486101,0.06201942051145843,53855627550.0,908546297.081081,1011875840.0,0.7479602509983121,0.9667586596757665,56494780826.0
rust-actix-sqlx,orm-loop,1656085821,True,20,1219,819168,819168,0,12780462.68640646,13459456.0,0.06349778869845353,0.06286530075093867,53420766845.0,905665665.7250674,1018660864.0,0.7487065459786796,0.966476846912685,56854350051.0
rust-actix-sqlx,orm-loop,1656086659,True,20,1219,819168,819168,0,12590838.672064777,13135872.0,0.06287184258152129,0.06260920774953503,53479584786.0,909158033.691057,1012994048.0,0.7469342555775934,0.9676686765269951,56359374061.0
rust-actix-sqlx,orm-loop,1656087497,True,20,1220,819840,819840,0,12436749.47368421,12902400.0,0.06301064098581179,0.06228882251082251,52711059634.0,902893110.4387618,1016705024.0,0.7466978899927287,0.967866209310987,57664361579.0
rust-actix-sqlx,orm-loop,1656088337,True,20,1215,816480,816480,0,12640709.268556006,13299712.0,0.06287226544630019,0.06179628024767802,53405526966.0,896481578.0916442,1012987904.0,0.7508480315726802,0.9676177270891837,57466090583.0
rust-actix-sqlx,orm-loop,1656089177,True,20,1219,819168,819168,0,12472204.387096774,12978176.0,0.06282001266337836,0.06232057574550604,53475870818.0,908213065.3405405,1013915648.0,0.7493144372735517,0.9669491983585763,56521603651.0
rust-actix-sqlx,orm-loop,1656090015,True,20,1219,819168,819168,0,12919935.308108108,13586432.0,0.06285735172843596,0.06247274793314057,52920588352.0,900313673.9325236,1014714368.0,0.7479409885364715,0.9666974272954404,57660185666.0
rust-actix-sqlx,orm-loop,1656090852,True,20,1220,819840,819840,0,13305375.741239892,13901824.0,0.06300006500345794,0.06249371019399906,53349747099.0,908354157.6151762,1015558144.0,0.7473255646263881,0.9672265212805033,56348127088.0
rust-actix-sqlx,orm-loop,1656091688,True,20,1219,819168,819168,0,13046724.737550471,13762560.0,0.06329409725904465,0.06315659330440174,53547955376.0,895647179.4162163,1008322560.0,0.74793381866703,0.9664606312641505,56461962729.0
